GISJOIN,diff
G0100010,0.494789343497
G0100030,0.577861621851
G0100050,0.05611164581299999
G0100070,0.555441243713
G0100090,0.8138197289633999
G0100110,-0.508615188257
G0100130,0.135290731145
G0100150,0.41383823032800005
G0100170,0.14806212802999996
G0100190,0.6936113491379999
G0100210,0.66606409203
G0100230,0.13662630709999996
G0100250,0.10799319727899998
G0100270,0.608034083993
G0100290,0.773729332517
G0100310,0.567006288695
G0100330,0.38260375213199993
G0100350,0.05257527128299999
G0100370,0.30557151062599996
G0100390,0.6854848906309999
G0100410,0.455534229047
G0100430,0.778046032512
G0100450,0.504377719289
G0100470,-0.37597437266399997
G0100490,0.693743770605
G0100510,0.519794065844
G0100530,0.36705449286799996
G0100550,0.5010351014400001
G0100570,0.6523914104440001
G0100590,0.6080301129229999
G0100610,0.724333133202
G0100630,-0.6515837104069999
G0100650,-0.19975031210999994
G0100670,0.41624048896099997
G0100690,0.47632643350000003
G0100710,0.624488814048
G0100730,-0.07227233713999998
G0100750,0.690232289713
G0100770,0.46010357354500003
G0100790,0.486972577446
G0100810,0.231220087397
G0100830,0.49451776649800006
G0100850,-0.468993409227
G0100870,-0.667924096937
G0100890,0.167827782759
G0100910,-0.034983558641
G0100930,0.7621592317229999
G0100950,0.695095095095
G0100970,0.138676883717
G0100990,0.143446244477
G0101010,-0.26161020175199995
G0101030,0.523614250565
G0101050,-0.460513796384
G0101070,0.156098588582
G0101090,0.20284069097899993
G0101110,0.533761105626
G0101130,-0.019178511706000045
G0101150,0.686111184332
G0101170,0.503175147165
G0101190,-0.49413237365099993
G0101210,0.25552411343299997
G0101230,0.415910073498
G0101250,0.195268517159
G0101270,0.67441780939
G0101290,0.431582666039
G0101310,-0.42526661197700005
G0101330,0.8146270112145
G0200130,0.151710545526
G0200160,0.151710545526
G0200200,0.151710545526
G0200500,0.151710545526
G0200600,0.151710545526
G0200680,0.151710545526
G0200700,0.151710545526
G0200900,0.151710545526
G0201000,0.151710545526
G0201050,0.151710545526
G0201100,0.151710545526
G0201220,0.151710545526
G0201300,0.151710545526
G0201500,0.151710545526
G0201640,0.151710545526
G0201700,0.151710545526
G0201800,0.151710545526
G0201850,0.151710545526
G0201880,0.151710545526
G0201950,0.151710545526
G0201980,0.151710545526
G0202200,0.151710545526
G0202300,0.151710545526
G0202400,0.151710545526
G0202610,0.151710545526
G0202750,0.151710545526
G0202820,0.151710545526
G0202900,0.151710545526
G0400010,-0.368776461761
G0400030,0.225855795305
G0400050,-0.19441785928900002
G0400070,0.323675109823
G0400090,0.39567802998600005
G0400110,0.24668516805400004
G0400120,0.418373555059
G0400130,0.034465286779000015
G0400150,0.514510237366
G0400170,0.07916066536800004
G0400190,-0.13479801087700005
G0400210,0.19316667554999994
G0400230,-0.471258207156
G0400250,0.31425953869400003
G0400270,0.055202531956000056
G0500010,0.30582130695699994
G0500030,0.36501806403299997
G0500050,0.536071939505
G0500070,0.348571004222
G0500090,0.584464555053
G0500110,0.23389549350300004
G0500130,0.40800000000000003
G0500150,0.322728978979
G0500170,-0.15280790551899998
G0500190,0.09468021518300002
G0500210,0.297758447641
G0500230,0.614388368984
G0500250,0.5265231888449999
G0500270,0.26207989136599996
G0500290,0.279316064821
G0500310,0.352436513384
G0500330,0.549717896638
G0500350,-0.08956829978500003
G0500370,0.37798272580900005
G0500390,0.12477198102800002
G0500410,-0.07382867960300005
G0500430,0.24465811965799994
G0500450,0.315870071607
G0500470,0.546133174082
G0500490,0.506534569983
G0500510,0.341373924685
G0500530,0.547483588621
G0500550,0.529884898073
G0500570,0.28923253150100003
G0500590,0.424545069827
G0500610,0.38951230038900003
G0500630,0.524213345235
G0500650,0.543180133433
G0500670,0.329668172001
G0500690,-0.252696336098
G0500710,0.405801933978
G0500730,0.25467372134000005
G0500750,0.497601705454
G0500770,-0.16844207723
G0500790,0.31541688515999994
G0500810,0.42507704160299997
G0500830,0.513458349279
G0500850,0.532914892027
G0500870,0.491005603067
G0500890,0.5507591545099999
G0500910,0.43833905713399995
G0500930,0.10519430550199999
G0500950,0.03687635574799997
G0500970,0.533526850508
G0500990,0.261367151253
G0501010,0.583221656392
G0501030,0.10393684849699997
G0501050,0.461428910515
G0501070,-0.268204235567
G0501090,0.6233569261890001
G0501110,0.24058300208299999
G0501130,0.6644501908630001
G0501150,0.504803898816
G0501170,0.49676850763800007
G0501190,-0.17875710083200003
G0501210,0.488357357833
G0501230,-0.11279007015599996
G0501250,0.434954109022
G0501270,0.62015246934
G0501290,0.636560302867
G0501310,0.38076543379999994
G0501330,0.4883772415319999
G0501350,0.547009735744
G0501370,0.523249502443
G0501390,0.27751254743599996
G0501410,0.539305301645
G0501430,0.10392435351200002
G0501450,0.578521729627
G0501470,0.089019607843
G0501490,0.48959148536600006
G0600010,-0.644431216823
G0600030,-0.18608695652199997
G0600050,0.25224019550800003
G0600070,0.04003551629500002
G0600090,0.23882869168099996
G0600110,0.13527449196199992
G0600130,-0.43473839585299995
G0600150,0.17615639354699997
G0600170,0.138857757654
G0600190,-0.03880302400700003
G0600210,0.29032945943
G0600230,-0.25903793554499993
G0600250,-0.4112955378309999
G0600270,0.13669334667300004
G0600290,0.15011137903400007
G0600310,0.14089922480600003
G0600330,-0.037408968953
G0600350,0.513337171368
G0600370,-0.480184927106
G0600390,0.17330648221100003
G0600410,-0.6286917528489999
G0600430,0.23239833277
G0600450,-0.29156099693899995
G0600470,-0.07925122874699997
G0600490,0.48079785650499995
G0600510,-0.11951882033400002
G0600530,-0.39673755637299996
G0600550,-0.35191741143300004
G0600570,-0.045492813758999995
G0600590,-0.07680044976899997
G0600610,0.11298594318800004
G0600630,0.21007927519800002
G0600650,-0.04334476281899996
G0600670,-0.236872387846
G0600690,-0.203676303209
G0600710,-0.09779001741799997
G0600730,-0.17835795150700007
G0600750,-0.7608918819032999
G0600770,-0.12886520609399998
G0600790,-0.08291390728500003
G0600810,-0.576868093454
G0600830,-0.28241913484
G0600850,-0.524950390504
G0600870,-0.572879683549
G0600890,0.37373542464899995
G0600910,0.2477827051
G0600930,0.20699737850300004
G0600950,-0.304766542574
G0600970,-0.4791295867359999
G0600990,-0.006269973933999973
G0601010,0.162640901771
G0601030,0.36765027322399996
G0601050,0.11301950805799998
G0601070,0.12042803819300002
G0601090,0.209014996592
G0601110,-0.16800322202399998
G0601130,-0.420401793652
G0601150,0.24119099629599994
G0800010,-0.07231406138500002
G0800030,-0.019863708859000018
G0800050,-0.13749653835499998
G0800070,0.23936899862800004
G0800090,0.6824869482679999
G0800110,0.30919661733599996
G0800130,-0.4863156703539999
G0800140,-0.140806598469
G0800150,0.046367851623
G0800170,0.723048327137
G0800190,-0.02874186551000002
G0800210,0.033249370277000034
G0800230,-0.29010989011
G0800250,0.48510919920600004
G0800270,0.41187989556099996
G0800290,0.452313786688
G0800310,-0.563835878273
G0800330,0.576422764228
G0800350,0.181135809489
G0800370,-0.19897395073200003
G0800390,0.540506087068
G0800410,0.22567856151
G0800430,0.447486288848
G0800450,0.07087511394700002
G0800470,-0.01958589815399997
G0800490,0.13485257840899995
G0800510,-0.19550489299899998
G0800530,0.241086587437
G0800550,0.06468716861099999
G0800570,0.5301624129929999
G0800590,-0.06995144235299999
G0800610,0.744431418522
G0800630,0.655411015776
G0800650,-0.10582677165399995
G0800670,-0.09208384870799996
G0800690,-0.049232324378000014
G0800710,0.15568504407600003
G0800730,0.6136552872600001
G0800750,0.55957534529
G0800770,0.362879961536
G0800790,0.16411042944799997
G0800810,0.678801843317
G0800830,0.303085156619
G0800850,0.420740389179
G0800870,0.41857335127800005
G0800890,0.25188566891700004
G0800910,-0.10739275935500003
G0800930,0.26373840898000006
G0800950,0.5810463121780001
G0800970,-0.45412534899400003
G0800990,0.46906388107700003
G0801010,-0.0033104870899999805
G0801030,0.6836437718270001
G0801050,0.19588192419799993
G0801070,-0.16976474005199998
G0801090,-0.08718138160399996
G0801110,-0.09881422924899996
G0801130,-0.447691950824
G0801150,0.548387096774
G0801170,-0.276321524189
G0801190,0.424769414912
G0801210,0.73670605613
G0801230,0.22432917258400004
G0801250,0.654802744425
G0900010,-0.20294970008199997
G0900030,-0.21511250717000002
G0900050,0.138965864072
G0900070,-0.07306395782899994
G0900090,-0.12031635316
G0900110,-0.06727055176800006
G0900130,-0.05788319557799998
G0900150,0.07814133286000002
G1000010,0.04904852329199999
G1000030,-0.296013278872
G1000050,0.21998979341099995
G1100010,-0.8872452474742001
G1200010,-0.22519499010399996
G1200030,0.647617539972
G1200050,0.46265676813799994
G1200070,0.49504050256199994
G1200090,0.19754276461299997
G1200110,-0.350537226693
G1200130,0.562221855942
G1200150,0.277970993428
G1200170,0.397185576077
G1200190,0.44310521515999995
G1200210,0.260144863787
G1200230,0.44466127683300005
G1200270,0.277204720751
G1200290,0.6320466537070001
G1200310,0.015006974021000041
G1200330,0.20616190331700007
G1200350,0.20585930015900006
G1200370,0.396635015825
G1200390,-0.37469994112000005
G1200410,0.627583749109
G1200430,0.396096440873
G1200450,0.495260337958
G1200470,0.28251696936299997
G1200490,0.40794509700399995
G1200510,0.14244552494200002
G1200530,0.28985491808499997
G1200550,0.32042817346200003
G1200570,-0.06804890836800004
G1200590,0.778744415707
G1200610,0.24490281236999994
G1200630,0.373767681097
G1200650,0.05143305850000002
G1200670,0.6755555555549999
G1200690,0.23126228678400002
G1200710,0.20385700297999998
G1200730,-0.25116998519
G1200750,0.44751381215499997
G1200770,0.573899848255
G1200790,0.155592143949
G1200810,0.171492429462
G1200830,0.26221165143200004
G1200850,0.26852964159599996
G1200860,-0.295646131996
G1200870,0.06918980063100005
G1200890,0.502224036788
G1200910,0.477631958035
G1200930,0.39531983568100004
G1200950,-0.246405276658
G1200970,-0.25028396711000006
G1200990,-0.15314004884100002
G1201010,0.21570589749699998
G1201030,0.011024983724000015
G1201050,0.14105021351000002
G1201070,0.36607252235700005
G1201090,0.334301132032
G1201110,0.024415374011000024
G1201130,0.534449629426
G1201150,0.11562783085099998
G1201170,0.016285091609000046
G1201190,0.392581768842
G1201210,0.552931726908
G1201230,0.5144950964549999
G1201250,0.624099771649
G1201270,0.130501260065
G1201290,0.401394681961
G1201310,0.561220536964
G1201330,0.571518305815
G1300010,0.579465943168
G1300030,0.451996927803
G1300050,0.6855361596009999
G1300070,0.08680555555500002
G1300090,-0.017045101088000003
G1300110,0.784048373164
G1300130,0.5038504232
G1300150,0.552046455951
G1300170,0.27621137936800005
G1300190,0.665396922139
G1300210,-0.20220481080799996
G1300230,0.531617349006
G1300250,0.7863166268898
G1300270,0.18746011486999997
G1300290,0.431720108876
G1300310,0.234524450333
G1300330,-0.02556149732600005
G1300350,0.43800780837799996
G1300370,-0.17251606524900004
G1300390,0.33853917662699995
G1300430,0.43598615916899996
G1300450,0.401449341624
G1300470,0.60697849868
G1300490,0.485528942116
G1300510,-0.14478413024799996
G1300530,0.110549132948
G1300550,0.587557603686
G1300570,0.49995939544300005
G1300590,-0.38043011239
G1300610,-0.103068450039
G1300630,-0.719081984849
G1300650,0.42529676627099994
G1300670,-0.020874690586
G1300690,0.394717904433
G1300710,0.47321954090599994
G1300730,0.376959027886
G1300750,0.401291818483
G1300770,0.42307755035399996
G1300790,0.429125460539
G1300810,0.22719999999999996
G1300830,0.6543764026929999
G1300850,0.722260273973
G1300870,0.18607149833999997
G1300890,-0.647579519452
G1300910,0.455325232309
G1300930,0.021115745568999977
G1300950,-0.383109801032
G1300970,-0.10752200819400004
G1300990,0.08092848180700002
G1301010,0.723404255319
G1301030,0.556272707844
G1301050,0.34908998988900003
G1301070,0.36960959428400003
G1301090,0.353692393115
G1301110,0.654709282557
G1301130,0.195058539089
G1301150,0.43556204379499996
G1301170,0.47653986065699994
G1301190,0.6857446306349999
G1301210,-0.42120425470199996
G1301230,0.669393534178
G1301250,0.7892086330934
G1301270,0.28624305983899995
G1301290,0.636339522547
G1301310,0.33112006095600005
G1301330,0.259766730834
G1301350,-0.05741963566300001
G1301370,0.6635044642850001
G1301390,0.50658035447
G1301410,-0.519036954088
G1301430,0.716179199435
G1301450,0.47883113714100006
G1301470,0.46660712513599994
G1301490,0.624583927723
G1301510,-0.043463182267999945
G1301530,0.21644084017500004
G1301550,0.49767696091899993
G1301570,0.638836530288
G1301590,0.46692154255299995
G1301610,0.629003733543
G1301630,-0.10845111047100003
G1301650,0.25840474621
G1301670,0.37561108093400003
G1301690,0.346854040242
G1301710,0.384950495049
G1301730,0.41209367354099996
G1301750,0.291238173591
G1301770,0.5299163476540001
G1301790,-0.21178957841100005
G1301810,0.36292682926799996
G1301830,0.308347529813
G1301850,0.181837937685
G1301870,0.600210970464
G1301890,0.18698748381500002
G1301910,0.20091634142199993
G1301930,-0.27175180779100006
G1301950,0.566931770615
G1301970,0.22243166823800004
G1301990,0.15423156518799996
G1302010,0.49842519685000003
G1302050,0.09927453226500005
G1302070,0.41428007889499996
G1302090,0.511516853932
G1302110,0.41346051934300004
G1302130,0.687570439543
G1302150,-0.18590456674500005
G1302170,-0.023500125608000022
G1302190,0.40105097215
G1302210,0.42
G1302230,0.41240847664900004
G1302250,0.03009627067999998
G1302270,0.691889572307
G1302290,0.7397560641359999
G1302310,0.6955619596539999
G1302330,0.575151857607
G1302350,0.37020566981600006
G1302370,0.39985155338800005
G1302390,0.10919540229899999
G1302410,0.60938482828
G1302430,-0.11295336787600002
G1302450,-0.32375386914300003
G1302470,-0.259198169677
G1302490,0.5610267155569999
G1302510,0.176346727496
G1302530,0.32345540956100005
G1302550,0.24244410177300002
G1302570,0.599077868852
G1302590,-0.20214320506500005
G1302610,-0.022327531213000018
G1302630,-0.24822695035500003
G1302650,-0.21850613154900006
G1302670,0.49629306585300004
G1302690,0.22545561434400008
G1302710,0.299420137058
G1302730,-0.09452022014900002
G1302750,0.21820608649200002
G1302770,0.37417943107199997
G1302790,0.469257795345
G1302810,0.6201308355640001
G1302830,0.35111111111099996
G1302850,0.23440468344100002
G1302870,0.251032448377
G1302890,0.015790772266999986
G1302910,0.655120857214
G1302930,0.34941413401700006
G1302950,0.6151050586910001
G1302970,0.564353741497
G1302990,0.41744855967100003
G1303010,-0.13807890222999997
G1303030,-0.005818095463999973
G1303050,0.58866615266
G1303070,0.14272890484699996
G1303090,0.36869647954299994
G1303110,0.686347803924
G1303130,0.447566036493
G1303150,0.418432559704
G1303170,0.16219239373600003
G1303190,0.10266604303099996
G1303210,0.49951609000799996
G1500010,-0.366268403607
G1500030,-0.29871570936999997
G1500070,-0.3372697930510001
G1500090,-0.38569943398400003
G1600010,0.09239877905999999
G1600030,0.52267521759
G1600050,0.20469989522500004
G1600070,0.6653005464485999
G1600090,0.5536736641219999
G1600110,0.48018045112799995
G1600130,-0.286860020516
G1600150,0.49737670514200005
G1600170,0.302111210229
G1600190,0.4019044603280001
G1600210,0.554563106796
G1600230,0.613008130081
G1600250,0.500834724541
G1600270,0.41762606413299996
G1600290,0.6602965403629
G1600310,0.6007581315720001
G1600350,0.565114443567
G1600370,0.559469539992
G1600390,0.469773447587
G1600410,0.6393889798148
G1600430,0.602030101505
G1600450,0.5974597585520001
G1600470,0.541899441341
G1600490,0.6378450687099999
G1600510,0.6503356289778
G1600530,0.490297178214
G1600550,0.42520290860800003
G1600570,-0.046180976523999995
G1600590,0.559980334317
G1600610,0.5861635220120001
G1600630,0.47139588100600005
G1600650,0.4934021801487
G1600670,0.541484716157
G1600690,0.34143646408800005
G1600710,0.6513539651837
G1600730,0.627806122449
G1600750,0.598632298791
G1600770,0.350616388688
G1600790,0.37363281249999997
G1600810,0.0008054772449999636
G1600830,0.44583450914
G1600850,0.185642176108
G1600870,0.562864840593
G1700010,0.47525967894200005
G1700030,0.08297872340499995
G1700050,0.377646743501
G1700070,0.14639001946600005
G1700090,0.556934931507
G1700110,0.199595166534
G1700130,0.38341158059499997
G1700150,0.27073701387
G1700170,0.31638306292
G1700190,-0.18452621193700003
G1700210,0.427171783148
G1700230,0.479217291213
G1700250,0.636349155782
G1700270,0.48963400509599997
G1700290,0.264133456905
G1700310,-0.529564546774
G1700330,0.491007405666
G1700350,0.575367313623
G1700370,-0.030442436333000034
G1700390,0.42375150622599994
G1700410,0.46346890839399996
G1700430,-0.140808710457
G1700450,0.495438776821
G1700470,0.708031400966
G1700490,0.6048886848749999
G1700510,0.583184445612
G1700530,0.487199872794
G1700550,0.452705983921
G1700570,0.15145108591199996
G1700590,0.477889260498
G1700610,0.529953085528
G1700630,0.23572583111299994
G1700650,0.5804972242340001
G1700670,0.5076745970830001
G1700690,0.577121425223
G1700710,0.28793103448300006
G1700730,0.21157972928399998
G1700750,0.559622378704
G1700770,-0.029784976947999975
G1700790,0.59737460815
G1700810,0.43245332382
G1700830,0.464203868366
G1700850,0.14860875011200003
G1700870,0.5831809872029999
G1700890,-0.08941602067199994
G1700910,0.13259300627199994
G1700930,0.014956213715999978
G1700950,0.032735385176
G1700970,-0.20294031487800002
G1700990,0.14432266187799997
G1701010,0.534691174035
G1701030,0.20361485376199995
G1701050,0.41017488076299996
G1701070,0.40115416323100006
G1701090,0.117041053447
G1701110,0.08055942060000004
G1701130,0.014722450788000052
G1701150,0.18127022397099996
G1701170,0.350166811389
G1701190,0.15604916264000002
G1701210,0.44855421686800007
G1701230,0.337455531086
G1701250,0.31758122182500004
G1701270,0.49585406301900004
G1701290,0.377082360267
G1701310,0.20660567898299997
G1701330,0.37181503617499995
G1701350,0.39956348896999994
G1701370,0.298966249059
G1701390,0.47946529231799995
G1701410,0.265526514833
G1701430,-0.027586652037000003
G1701450,0.451576344529
G1701470,0.33599280818099997
G1701490,0.5815231965680001
G1701510,0.611632270169
G1701530,0.30974524868500003
G1701550,0.20123537061100005
G1701570,0.46828677309
G1701590,0.544823066842
G1701610,-0.08399104349600006
G1701630,-0.05621597134300005
G1701650,0.5071212390959999
G1701670,0.09424496226899998
G1701690,0.382120253165
G1701710,0.5563298490130001
G1701730,0.5434384164220001
G1701750,0.380125600296
G1701770,0.169731113956
G1701790,0.28497008540200003
G1701810,0.398285177355
G1701830,0.292157454948
G1701850,0.5355423917069999
G1701870,0.16675324675300007
G1701890,0.558568329718
G1701910,0.716448643411
G1701930,0.579914940321
G1701950,0.063149543832
G1701970,-0.05671282773799996
G1701990,0.412577175227
G1702010,0.01174055756600001
G1702030,0.41838155655299997
G1800010,0.524580105836
G1800030,0.19603256806199992
G1800050,0.333323041773
G1800070,0.470443349753
G1800090,0.436748237246
G1800110,0.295468014099
G1800130,0.31575619625699997
G1800150,0.509002206993
G1800170,0.42016271666099997
G1800190,0.21957185347499997
G1800210,0.552624567014
G1800230,0.48007733692000004
G1800250,0.368111522545
G1800270,0.628260059612
G1800290,0.553199498118
G1800310,0.5738621000449999
G1800330,0.482457183635
G1800350,0.136848699076
G1800370,0.400461916956
G1800390,0.324343810882
G1800410,0.481322140609
G1800430,0.20115513767600002
G1800450,0.559941129248
G1800470,0.609463148316
G1800490,0.483639837593
G1800510,0.47563340227500006
G1800530,0.39541978683800005
G1800550,0.5337499091760001
G1800570,0.19582763783100005
G1800590,0.448247147972
G1800610,0.44349093264300005
G1800630,0.341903850753
G1800650,0.43691158157
G1800670,0.33901071992199994
G1800690,0.5097658695380001
G1800710,0.5141455624
G1800730,0.45405445952999995
G1800750,0.478271791007
G1800770,0.312978233415
G1800790,0.5270355375620001
G1800810,0.42485920065300004
G1800830,0.47180778918800004
G1800850,0.551540414329
G1800870,0.5176926298160001
G1800890,-0.20640009588200003
G1800910,0.06407521002799998
G1800930,0.5149926609350001
G1800950,0.256820723071
G1800970,-0.228343534495
G1800990,0.415815193248
G1801010,0.585396297067
G1801030,0.536383928571
G1801050,-0.23698870242799996
G1801070,0.509171578041
G1801090,0.565554842848
G1801110,0.46123294767699996
G1801130,0.491059798698
G1801150,0.49091532396299997
G1801170,0.45817560141700003
G1801190,0.493544600939
G1801210,0.520377128954
G1801230,0.18616822429900004
G1801250,0.518822151581
G1801270,0.06782408617800001
G1801290,0.39187017994900003
G1801310,0.46477837042400005
G1801330,0.495980926431
G1801350,0.484793420046
G1801370,0.573494917904
G1801390,0.5221790962020001
G1801410,-0.002083104923000012
G1801430,0.37880794702
G1801450,0.47231669919100006
G1801470,0.372627773873
G1801490,0.42033383915100003
G1801510,0.43950447350300004
G1801530,0.4702652179
G1801550,0.44737565265199997
G1801570,0.05659280315299997
G1801590,0.532889480692
G1801610,0.5264759586119999
G1801630,0.16851730894899997
G1801650,0.351511644727
G1801670,0.15168439940399997
G1801690,0.5069698099140001
G1801710,0.5248787956109999
G1801730,0.339322503293
G1801750,0.49148504367800006
G1801770,0.30130987292300004
G1801790,0.5649622799659999
G1801810,0.429206220965
G1801830,0.513550048278
G1900010,0.353551476456
G1900030,0.397694524495
G1900050,0.24323533713700002
G1900070,0.363845144357
G1900090,0.312518496597
G1900110,0.25960555149799996
G1900130,-0.07314025402999996
G1900150,0.13880148741399995
G1900170,0.138576779027
G1900190,0.15172141659300004
G1900210,0.249908301748
G1900230,0.36945152206
G1900250,0.40548481880500004
G1900270,0.31835170100599997
G1900290,0.398157335223
G1900310,0.180801193267
G1900330,0.07701144346799998
G1900350,0.406078241189
G1900370,0.231663263703
G1900390,0.282179341657
G1900410,0.42425661437600004
G1900430,0.22785227522600005
G1900450,0.05143309301999999
G1900470,0.38225007286499996
G1900490,0.09639258845700005
G1900510,0.452306894764
G1900530,0.29570618417499994
G1900550,0.29809056192
G1900570,0.06952386041800002
G1900590,0.360300575778
G1900610,0.012439586434999983
G1900630,0.37497344380700004
G1900650,0.19616834810999995
G1900670,0.14953036944300002
G1900690,0.338351983723
G1900710,0.40574001125399994
G1900730,0.23750524989500005
G1900750,0.394472361809
G1900770,0.33303855677399996
G1900790,0.22862037158999998
G1900810,0.41100601891599997
G1900830,0.29170129407600004
G1900850,0.37530496069400004
G1900870,0.308744346328
G1900890,0.20789882405199994
G1900910,0.459566858733
G1900930,0.518941504179
G1900950,0.24155193992500007
G1900970,0.19443355546900004
G1900990,0.18363868768599995
G1901010,0.004499437570000042
G1901030,-0.382735962558
G1901050,0.19368694436100004
G1901070,0.436393577604
G1901090,0.365432098766
G1901110,0.16151764928000006
G1901130,-0.089810228145
G1901150,0.286668015376
G1901170,0.38096346288099997
G1901190,0.674084595959
G1901210,0.31326997536
G1901230,0.45721364589300006
G1901250,0.31166685655699994
G1901270,0.08485875706200002
G1901290,0.390378548896
G1901310,0.242723880597
G1901330,0.413480662983
G1901350,0.41155046826200004
G1901370,0.42396958783499994
G1901390,0.06627894792000005
G1901410,0.601660315732
G1901430,0.618079449483
G1901450,0.44115958668200006
G1901470,0.360290971331
G1901490,0.519338285977
G1901510,0.45157922213600005
G1901530,-0.114919884423
G1901550,0.21550703358200007
G1901570,0.06850304343399993
G1901590,0.397540983607
G1901610,0.469755719271
G1901630,-0.014361789863000018
G1901650,0.42918660286999993
G1901670,0.69331257991
G1901690,-0.12214271110199998
G1901710,0.20541917554399997
G1901730,0.45054945055000006
G1901750,0.27756588072099997
G1901770,0.476744186047
G1901790,0.207988797013
G1901810,0.16354584633599994
G1901830,0.206208425721
G1901850,0.462170489558
G1901870,0.21787806717300007
G1901890,0.26534895924400004
G1901910,0.008380137291000012
G1901930,0.19856520625100005
G1901950,0.21821631878599995
G1901970,0.31938140864000003
G2000010,0.409672563041
G2000030,0.525175465365
G2000050,0.317691224777
G2000070,0.6976007243090001
G2000090,0.5891157811259999
G2000110,0.508279824265
G2000130,0.5078282828289999
G2000150,0.45440094636100004
G2000170,0.485096870342
G2000190,0.713279132791
G2000210,0.483901740997
G2000230,0.698367636622
G2000250,0.707019328586
G2000270,0.581164475449
G2000290,0.5512920908379999
G2000310,0.573195355881
G2000330,0.703617269545
G2000350,0.37630432996499996
G2000370,0.231185781727
G2000390,0.713698630137
G2000410,0.539835164836
G2000430,0.599227569816
G2000450,-0.32719620161300006
G2000470,0.6307339449539999
G2000490,0.705321683876
G2000510,0.483876500857
G2000530,0.539984767707
G2000550,0.323604973795
G2000570,0.398922558923
G2000590,0.39369487708699996
G2000610,0.217000981905
G2000630,0.736445783132
G2000650,0.654545454545
G2000690,0.693187468921
G2000710,0.688575899844
G2000730,0.5912486659559999
G2000750,0.680047225502
G2000770,0.621567847194
G2000790,0.24050894085199997
G2000810,0.6023076923070001
G2000830,0.716699801193
G2000850,0.41889296315700003
G2000870,0.32253711201100005
G2000890,0.690492245449
G2000910,0.02710605426899998
G2000930,0.621886792452
G2000950,0.583053946967
G2000970,0.727272727273
G2000990,0.37858315443900004
G2001010,0.697954271962
G2001030,0.24676506267699994
G2001050,0.658839779005
G2001070,0.620705772377
G2001090,0.7232937685459999
G2001110,0.16160068114099996
G2001130,0.41983444506900003
G2001150,0.503385178408
G2001170,0.478374836173
G2001190,0.706865671642
G2001210,0.40035345296299996
G2001230,0.618626062323
G2001250,0.5083885399629999
G2001270,0.468847352025
G2001290,0.711206896552
G2001310,0.667064676617
G2001330,0.46756624938999997
G2001350,0.735888501742
G2001370,0.699086757991
G2001390,0.4326950971860001
G2001410,0.6879634911579999
G2001430,0.640963014654
G2001450,0.501537279016
G2001470,0.7292225201070001
G2001490,0.507771020368
G2001510,0.539936941671
G2001530,0.724447513812
G2001550,0.35951893551700004
G2001570,0.653381642512
G2001590,0.556209700028
G2001610,0.045177045177
G2001630,0.725820016821
G2001650,0.644504748983
G2001670,0.6639135959339999
G2001690,0.34344053569699995
G2001710,0.741083835109
G2001730,0.19144121714999995
G2001750,0.323423993253
G2001770,0.028228872474000022
G2001790,0.7782672540380999
G2001810,0.6712652739459999
G2001830,0.665342601788
G2001850,0.627388535032
G2001870,0.603773584906
G2001890,0.728008634647
G2001910,0.50610912155
G2001930,0.679012345679
G2001950,0.697738176834
G2001970,0.474550898203
G2001990,0.8549422336326
G2002010,0.65670526709
G2002030,0.670235546039
G2002050,0.6309592188400001
G2002070,0.5584507042260001
G2002090,-0.29127604441000005
G2100010,0.645843461351
G2100030,0.6329004329
G2100050,0.49132644121299995
G2100070,0.572370026849
G2100090,0.498457207817
G2100110,0.376010487219
G2100130,0.622194770434
G2100150,0.41800173761899995
G2100170,0.31600500511900004
G2100190,0.37029790148200004
G2100210,0.29076423267299994
G2100230,0.569562748439
G2100250,0.428421787709
G2100270,0.516143753565
G2100290,0.4982517482519999
G2100310,0.624394618834
G2100330,0.543703951775
G2100350,0.35027121391599997
G2100370,0.24468460832099992
G2100390,0.639476721816
G2100410,0.38483510776400004
G2100430,0.5172883997269999
G2100450,0.732370301336
G2100470,0.31356201005900003
G2100490,0.37077749644899993
G2100510,0.755545696539
G2100530,0.732375392905
G2100550,0.6622893954410001
G2100570,0.66742894479
G2100590,0.322259136212
G2100610,0.602405039129
G2100630,0.44257112750300004
G2100650,0.564824846515
G2100670,-0.09467203479500003
G2100690,0.53984
G2100710,0.48290055081499994
G2100730,0.04622483221500001
G2100750,0.32549349012999995
G2100770,0.508098380324
G2100790,0.584657822146
G2100810,0.560988378181
G2100830,0.564648413943
G2100850,0.5925785687239999
G2100870,0.664040517727
G2100890,0.45496464801700004
G2100910,0.35973904939400003
G2100930,0.302136246608
G2100950,0.7219843633659999
G2100970,0.43786982248500006
G2100990,0.49442225588699995
G2101010,0.27686370099600005
G2101030,0.43629235508200004
G2101050,0.560037088549
G2101070,0.5395817958179999
G2101090,0.8017100236489
G2101110,-0.13341534902999996
G2101130,0.40056671818699996
G2101150,0.710564853557
G2101170,0.26069118976399996
G2101190,0.540653231411
G2101210,0.676943588035
G2101230,0.5537034124860001
G2101250,0.6913062754420001
G2101270,0.624648003975
G2101290,0.641006383778
G2101310,0.8056607978602
G2101330,0.629832438944
G2101350,0.6759871528429999
G2101370,0.572789115647
G2101390,0.5779836277470001
G2101410,0.460994860499
G2101430,0.440515281637
G2101450,0.37207518220200003
G2101470,0.753291753292
G2101490,0.524205914567
G2101510,0.311860228308
G2101530,0.5186778799139999
G2101550,0.30130735076500004
G2101570,0.518647319822
G2101590,0.7947355099975999
G2101610,0.412368275097
G2101630,0.46093430418000003
G2101650,0.471392587261
G2101670,0.505246242556
G2101690,0.544844020797
G2101710,0.736726106993
G2101730,0.410772055609
G2101750,0.550146873688
G2101770,0.469185957381
G2101790,0.33697798757299996
G2101810,0.41240747268300004
G2101830,0.563762261974
G2101850,0.31064620257000003
G2101870,0.536922153292
G2101890,0.693227091633
G2101910,0.5727605727609999
G2101930,0.569941321219
G2101950,0.6276332345660001
G2101970,0.452544426494
G2101990,0.667213992504
G2102010,0.530108588352
G2102030,0.702064014358
G2102050,0.212821384076
G2102070,0.706155917269
G2102090,0.30377912993100004
G2102110,0.33652677138500003
G2102130,0.38981924508200005
G2102150,0.554737616995
G2102170,0.510308822228
G2102190,0.5386711381270001
G2102210,0.49569732937699995
G2102230,0.499735868991
G2102250,0.542760508939
G2102270,0.24180023132800005
G2102290,0.46130581747
G2102310,0.618302453681
G2102330,0.5439352170909999
G2102350,0.6716309480560001
G2102370,0.399012908125
G2102390,0.20218498560500003
G2200010,0.5667494340170001
G2200030,0.514981070849
G2200050,0.359731445402
G2200070,0.25522743947200005
G2200090,0.36976056932699997
G2200110,0.652938055445
G2200130,0.08950749464700003
G2200150,0.45792685374700004
G2200170,-0.04228415786400003
G2200190,0.33291155861699995
G2200210,0.64663256607
G2200230,0.7944203683642
G2200250,0.44419275123499996
G2200270,0.13518143591299997
G2200290,0.24828052767999997
G2200310,0.215158924205
G2200330,-0.09214493816600006
G2200350,-0.26505614154499996
G2200370,0.13284206333400006
G2200390,0.413267020633
G2200410,0.437459070072
G2200430,0.7058623426699999
G2200450,0.314445060701
G2200470,-0.06258181138099994
G2200490,0.40594855305500005
G2200510,0.14748494939000006
G2200530,0.538978777054
G2200550,0.33584598339
G2200570,0.5651474402069999
G2200590,0.7962850182699001
G2200610,0.196045863695
G2200630,0.725251299826
G2200650,-0.17265426880800006
G2200670,0.11365170435400007
G2200690,0.10964674730700003
G2200710,-0.6615545317860001
G2200730,0.254342741995
G2200750,0.33607642830199996
G2200770,0.17217923645899996
G2200790,0.32541609486600004
G2200810,0.10244233378599998
G2200830,0.326073363901
G2200850,0.6309657639240001
G2200870,0.333712912001
G2200890,0.30782741504399996
G2200910,-0.14352783366899996
G2200930,-0.07960281340500003
G2200950,-0.24537126325900005
G2200970,0.11903927945999998
G2200990,0.33422657190599997
G2201010,0.27558917406399996
G2201030,0.508067433616
G2201050,0.32576697657600007
G2201070,-0.058592213921
G2201090,0.48381290866400006
G2201110,0.48476225445200005
G2201130,0.596443986853
G2201150,0.6496723381230001
G2201170,0.36848888411599995
G2201190,0.29101433296600004
G2201210,0.12147915027499995
G2201230,0.683967220004
G2201250,0.19713694377399998
G2201270,0.465138190955
G2300010,0.09421756414900001
G2300030,0.17281125761500005
G2300050,-0.264165046219
G2300070,0.05487730435900001
G2300090,-0.07582153018799997
G2300110,0.037227836785000024
G2300130,-0.14299986968400002
G2300150,-0.02398282941400004
G2300170,0.12999292468000007
G2300190,0.10930099217199996
G2300210,0.25207786526699993
G2300230,-0.06366919800000004
G2300250,0.22743376463300002
G2300270,-0.0028281042859999994
G2300290,0.16178513195300004
G2300310,-0.04773520998199998
G2400010,0.4805064019559999
G2400030,-0.006441946332999993
G2400050,-0.17440308999299997
G2400090,0.18439406145699994
G2400110,0.395422376148
G2400130,0.3685128241380001
G2400150,0.35283273062399995
G2400170,-0.302152317881
G2400190,0.15982613652599997
G2400210,0.03984794975700001
G2400230,0.615032932972
G2400250,0.24518611540500002
G2400270,-0.33480645624000005
G2400290,0.04582151429199999
G2400310,-0.5554151359299999
G2400330,-0.8098669575697001
G2400350,0.36110096212400006
G2400370,0.24581017954699996
G2400390,0.179288321167
G2400410,0.11921413699199995
G2400430,0.32354151915799995
G2400450,0.11634213108799996
G2400470,0.278714168394
G2405100,-0.745698152933
G2500010,-0.13409514046400006
G2500030,-0.414544157998
G2500050,-0.09283612659900004
G2500070,-0.5128563932129999
G2500090,-0.22497474344699997
G2500110,-0.36965277594999996
G2500130,-0.16023873738899996
G2500150,-0.394551130221
G2500170,-0.38152206918200005
G2500190,-0.351655215491
G2500210,-0.279383198102
G2500230,-0.07232518700199997
G2500250,-0.62984939888
G2500270,-0.10496309440000007
G2600010,0.399579219939
G2600030,0.20429869266600004
G2600050,0.287926314072
G2600070,0.286832788671
G2600090,0.29627173592699996
G2600110,0.3306959903450001
G2600130,0.28743545611099997
G2600150,0.333322319511
G2600170,0.126313005365
G2600190,0.14000587026699995
G2600210,0.12729195069700006
G2600230,0.38114008489999995
G2600250,0.124774606199
G2600270,0.29954451701600004
G2600290,0.242809089037
G2600310,0.32080310691
G2600330,0.24245172994699998
G2600350,0.318042584984
G2600370,0.126836603886
G2600390,0.32840626372099996
G2600410,0.25347917907600004
G2600430,0.354414003044
G2600450,0.055202384800000004
G2600470,0.19409822094400003
G2600490,-0.09467968491100004
G2600510,0.34717767799899996
G2600530,0.14959660877900005
G2600550,0.12530120481899998
G2600570,0.25623403478799994
G2600590,0.467555331992
G2600610,0.157268130321
G2600630,0.381751640586
G2600650,-0.27653995415
G2600670,0.309816416325
G2600690,0.299647913701
G2600710,0.282741116752
G2600730,0.036852904041
G2600750,0.20121609383800004
G2600770,-0.12789959195399997
G2600790,0.44103139013400006
G2600810,0.030665752441000005
G2600830,0.20083974807600002
G2600850,0.22897897897900005
G2600870,0.38343748615
G2600890,0.031510469608000025
G2600910,0.21087264407900003
G2600930,0.296342953484
G2600950,0.417313664597
G2600970,0.2718462549280001
G2600990,0.11545873301199999
G2601010,0.15367518653799994
G2601030,-0.04243548043900003
G2601050,0.21994815118000005
G2601070,0.261123097556
G2601090,0.294008360428
G2601110,0.19401118478499996
G2601130,0.523352965347
G2601150,0.22126556996499996
G2601170,0.34014911884300003
G2601190,0.4416932907350001
G2601210,-0.008792177815000024
G2601230,0.39646095996499997
G2601250,-0.08118898462899998
G2601270,0.27346047214999997
G2601290,0.365588291931
G2601310,0.26140350877199997
G2601330,0.437010474662
G2601350,0.442885278188
G2601370,0.3759278473939999
G2601390,0.30384099583900004
G2601410,0.28911988912000003
G2601430,0.295642835226
G2601450,0.011401515955999975
G2601470,0.314306228684
G2601490,0.309572901326
G2601510,0.44551265395199996
G2601530,0.28595519152
G2601550,0.19636352955000003
G2601570,0.379554230226
G2601590,0.13946346310199997
G2601610,-0.41500846683599996
G2601630,-0.372601715133
G2601650,0.364159958113
G2700010,0.25933587370699995
G2700030,0.09692314378199995
G2700050,0.33188999414900006
G2700070,0.09828297992100005
G2700090,0.36321631259099996
G2700110,0.251374129718
G2700130,0.03725643492899999
G2700150,0.3619263704899999
G2700170,-0.016612215516000006
G2700190,0.13700047185199998
G2700210,0.316839785962
G2700230,0.288903267551
G2700250,0.305308407477
G2700270,0.019754019513999965
G2700290,0.43195266272200006
G2700310,-0.22500000000000003
G2700330,0.351237493418
G2700350,0.31784188034199995
G2700370,-0.046475319143999994
G2700390,0.32421431275999996
G2700410,0.357905933497
G2700430,0.340720598232
G2700450,0.21856778425699996
G2700470,0.17370833071799996
G2700490,0.17992795050600002
G2700510,0.27772951057100004
G2700530,-0.35310654670200003
G2700550,0.13989538754199998
G2700570,0.33590125185999997
G2700590,0.38222754491100003
G2700610,0.16511627906900006
G2700630,0.388226664222
G2700650,0.35729230769200004
G2700670,0.25494271988199996
G2700690,0.222598391874
G2700710,0.20006336131800007
G2700730,0.25893089960899995
G2700750,-0.02240420271900001
G2700770,0.442600896861
G2700790,0.30665231721300007
G2700810,0.35642904730200003
G2700830,0.282875752329
G2700850,0.38412545493499994
G2700870,0.029411764705999988
G2700890,0.41364205256600006
G2700910,0.41350654312799995
G2700930,0.40260698475100004
G2700950,0.35766141489
G2700970,0.5297136990989999
G2700990,0.07858076988599993
G2701010,0.361697544162
G2701030,0.030702244054999994
G2701050,0.29864990689
G2701070,0.134591584158
G2701090,-0.0075431714109999715
G2701110,0.359311113864
G2701130,0.27791935242099997
G2701150,0.26301988491500006
G2701170,0.462649089768
G2701190,0.290311607021
G2701210,0.26803304734600003
G2701230,-0.39437734292899995
G2701250,0.321218599679
G2701270,0.429553264605
G2701290,0.3666534444
G2701310,0.03079119719400003
G2701330,0.357395464947
G2701350,0.46285567143100004
G2701370,-0.11808376775099999
G2701390,0.15386476677
G2701410,0.3702699319950001
G2701430,0.41917950045300006
G2701450,0.279078306008
G2701470,0.26045168067200003
G2701490,0.12785046728900007
G2701510,0.258252818035
G2701530,0.47739450770299996
G2701550,0.23394751535400005
G2701570,0.26547092825600005
G2701590,0.457354221061
G2701610,0.326652051362
G2701630,-0.018600841483000008
G2701650,0.19191309595600003
G2701670,0.37694419030199994
G2701690,0.02924338542499999
G2701710,0.33169447898899995
G2701730,0.35370264610700003
G2800010,-0.14704437530700004
G2800030,0.61788782897
G2800050,0.22664581259800004
G2800070,0.19897818282200003
G2800090,0.131881881882
G2800110,-0.32413685605199993
G2800130,0.390597886101
G2800150,0.38866544789800006
G2800170,0.06058301647700004
G2800190,0.389303482587
G2800210,-0.7139471902510001
G2800230,0.328276935045
G2800250,-0.15652610441700004
G2800270,-0.443447037701
G2800290,-0.052662523097000036
G2800310,0.245278725825
G2800330,0.347739839431
G2800350,0.142134584372
G2800370,0.287745911353
G2800390,0.7770318380629999
G2800410,0.629671361502
G2800430,0.14882206473899995
G2800450,0.5937089684310001
G2800470,0.306575810297
G2800490,-0.43701931480499995
G2800510,-0.662739531583
G2800530,-0.480133370381
G2800550,-0.138769670959
G2800570,0.75617604318
G2800590,0.39848234906
G2800610,-0.039560699102999974
G2800630,-0.7380150298
G2800650,-0.20105820105900002
G2800670,0.436389380531
G2800690,-0.226126320328
G2800710,0.14784645148199999
G2800730,0.556226477522
G2800750,0.23005489004700003
G2800770,0.2987833781
G2800790,0.14177335230000004
G2800810,0.377181459937
G2800830,-0.40978465398299996
G2800850,0.400974132824
G2800870,0.06281077210699998
G2800890,0.16091724382900002
G2800910,0.360482390982
G2800930,-0.09654374744800004
G2800950,0.29288384766500003
G2800970,0.13431042767899998
G2800990,0.473749760491
G2801010,0.393297649523
G2801030,-0.56861682918
G2801050,-0.011144820753999973
G2801070,0.00477985727800001
G2801090,0.667495897952
G2801110,0.5366347569959999
G2801130,0.007164331861999995
G2801150,0.6196765726860001
G2801170,0.5652922702869999
G2801190,-0.38920369818100004
G2801210,0.5285057696069999
G2801230,0.17664943751900003
G2801250,-0.348390446521
G2801270,0.308514365803
G2801290,0.56630492324
G2801310,0.535489949749
G2801330,-0.403146927493
G2801350,-0.149063032368
G2801370,0.31442620072
G2801390,0.587772066061
G2801410,0.737304452467
G2801430,-0.501588218308
G2801450,0.6323193247750001
G2801470,0.152140802166
G2801490,0.04932465686000004
G2801510,-0.364147965136
G2801530,0.258443465492
G2801550,0.586783439491
G2801570,-0.364398658361
G2801590,0.12495724546799997
G2801610,0.130736216573
G2801630,-0.06601293974900002
G2900010,0.24898885271800003
G2900030,0.505470459518
G2900050,0.557473374954
G2900070,0.43951010654199996
G2900090,0.5968912626680001
G2900110,0.7017869184090001
G2900130,0.546440593442
G2900150,0.541318864775
G2900170,0.727112365496
G2900190,-0.05912713654699997
G2900210,0.261648342379
G2900230,0.615772980502
G2900250,0.5555813413780001
G2900270,0.421602969624
G2900290,0.541655396267
G2900310,0.5009084745760001
G2900330,0.627149736299
G2900350,0.66396903589
G2900370,0.35867100463400003
G2900390,0.6385791653389999
G2900410,0.519939424533
G2900430,0.542010919457
G2900450,0.522919179734
G2900470,0.111189432152
G2900490,0.4399333137190001
G2900510,0.36775717237800004
G2900530,0.4627632898699999
G2900550,0.594758064516
G2900570,0.644646924829
G2900590,0.621505376344
G2900610,0.551097858498
G2900630,0.591721132897
G2900650,0.68176453231
G2900670,0.675570228092
G2900690,0.535842632873
G2900710,0.46120491557599996
G2900730,0.557630306287
G2900750,0.560171447412
G2900770,0.274173451716
G2900790,0.607749830048
G2900810,0.6493753394890001
G2900830,0.478538812785
G2900850,0.534873860505
G2900870,0.672913117547
G2900890,0.411873840445
G2900910,0.6320987654319999
G2900930,0.525821596244
G2900950,-0.16644732591300004
G2900970,0.5083750181610001
G2900990,0.353188196548
G2901010,0.36885284772599997
G2901030,0.5538296732729999
G2901050,0.64483990225
G2901070,0.438191590262
G2901090,0.610891207869
G2901110,0.5413297394430001
G2901130,0.5048879591259999
G2901150,0.510588657574
G2901170,0.563982521848
G2901190,0.640106886918
G2901210,0.564190526455
G2901230,0.582361790147
G2901250,0.61471765229
G2901270,0.497984808557
G2901290,0.730304772858
G2901310,0.6601541966
G2901330,0.414714424008
G2901350,0.603260869565
G2901370,0.55606462503
G2901390,0.5542035398230001
G2901410,0.565967101532
G2901430,0.453890097932
G2901450,0.586961442692
G2901470,0.40788219091
G2901490,0.600986277873
G2901510,0.684797965527
G2901530,0.647633859142
G2901550,0.334937759336
G2901570,0.616926248282
G2901590,0.46938210030500005
G2901610,0.42910427590699995
G2901630,0.47023728813599996
G2901650,0.129928603589
G2901670,0.569334014152
G2901690,0.517146470282
G2901710,0.67634500427
G2901730,0.537599696164
G2901750,0.508875739645
G2901770,0.370558375635
G2901790,0.6141160949869999
G2901810,0.6687205509240001
G2901830,0.264012871342
G2901850,0.5539956803449999
G2901860,0.34933207234899993
G2901870,0.45387229910199994
G2901890,-0.16243522750099998
G2901950,0.345051379124
G2901970,0.595447490947
G2901990,0.589430894309
G2902010,0.55636743215
G2902030,0.560963114754
G2902050,0.589790897909
G2902070,0.693176683235
G2902090,0.6205708066269999
G2902110,0.546698872786
G2902130,0.592888584983
G2902150,0.653589391861
G2902170,0.56203358209
G2902190,0.45629836356700004
G2902210,0.5518913676039999
G2902230,0.643778319972
G2902250,0.5785500299580001
G2902270,0.58604206501
G2902290,0.684763789266
G2905100,-0.637394723829
G3000010,0.45508982036
G3000030,-0.05496624879499995
G3000050,0.027470431133000017
G3000070,0.5692605747499999
G3000090,0.321627553605
G3000110,0.7812097812098999
G3000130,0.21573791838100004
G3000150,0.368339167639
G3000170,0.479300291545
G3000190,0.590336134454
G3000210,0.584593902722
G3000230,-0.06879726762599997
G3000250,0.7611940298509999
G3000270,0.52559667935
G3000290,0.365074549237
G3000310,-0.009948436812000028
G3000330,0.8657342657346
G3000350,-0.297444153753
G3000370,0.6282051282059999
G3000390,0.406356413167
G3000410,0.17268000630199998
G3000430,0.32501912777400005
G3000450,0.534062237174
G3000470,0.21321135059699997
G3000490,0.06926432620100004
G3000510,0.516332982087
G3000530,0.505945945945
G3000550,0.666666666667
G3000570,0.44711129991500004
G3000590,0.553608247423
G3000610,0.408814589665
G3000630,-0.157863491121
G3000650,0.678036605657
G3000670,0.14918286219
G3000690,0.7711598746077
G3000710,0.652072659525
G3000730,0.38967310549700007
G3000750,0.719197707737
G3000770,0.530346820809
G3000790,0.663265306123
G3000810,0.38557766396199994
G3000830,0.668329177058
G3000850,0.06253585771600001
G3000870,0.36997319034799997
G3000890,0.520694941237
G3000910,0.41698630137000003
G3000930,-0.142228011413
G3000950,0.566029900332
G3000970,0.5690900337020001
G3000990,0.429207763283
G3001010,0.543111992071
G3001030,0.659863945578
G3001050,0.469170984456
G3001070,0.5568669527900001
G3001090,0.759849906192
G3001110,0.27148047931999997
G3100010,0.4504251442449999
G3100030,0.7254658385099999
G3100050,0.8403041825099
G3100070,0.8641025641022
G3100090,0.7763578274756
G3100110,0.657481688175
G3100130,0.545473639992
G3100150,0.744308231174
G3100170,0.7770740975303
G3100190,0.47536260194299995
G3100210,0.406471757025
G3100230,0.6075625958090001
G3100250,0.390752637005
G3100270,0.679128440367
G3100290,0.7833603457589
G3100310,0.7482154445160001
G3100330,0.6364631210330001
G3100350,0.640094180962
G3100370,0.41424968474100005
G3100390,0.5975426278839999
G3100410,0.725268719257
G3100430,0.15484226477499996
G3100450,0.49580771380699995
G3100470,0.45003535234500003
G3100490,0.705220061413
G3100510,0.541180758017
G3100530,0.35329901731400004
G3100550,-0.013920585247000017
G3100570,0.7734457323496
G3100590,0.517540812782
G3100610,0.6612318840579999
G3100630,0.721374045801
G3100650,0.695896328294
G3100670,0.345341993099
G3100690,0.673565380998
G3100710,0.721074380165
G3100730,0.627
G3100750,0.8807106598982
G3100770,0.601716738197
G3100790,0.374900379729
G3100810,0.589555283558
G3100830,0.684576485462
G3100850,0.8647058823532
G3100870,0.734722222222
G3100890,0.753765816429
G3100910,0.7608695652170999
G3100930,0.588235294118
G3100950,0.453644314869
G3100970,0.38420282788900006
G3100990,0.60734114744
G3101010,0.669961977187
G3101030,0.8151750972767
G3101050,0.666259168704
G3101070,0.607239596158
G3101090,-0.0005932066290000315
G3101110,0.5814725022330001
G3101130,0.8159645232819001
G3101150,0.7198952879580001
G3101170,0.84965034965
G3101190,0.562840355402
G3101210,0.6239546803339999
G3101230,0.695290858726
G3101250,0.6110068793000001
G3101270,0.429324546953
G3101290,0.6321411983280001
G3101310,0.386866327792
G3101330,0.525875190259
G3101350,0.734837799718
G3101370,0.7075287481020001
G3101390,0.745810055865
G3101410,0.5874563963839999
G3101430,0.633569739953
G3101450,0.7061845485089999
G3101470,0.514457174032
G3101490,0.7780580075665999
G3101510,0.254223149114
G3101530,0.21785526028199997
G3101550,0.46961690885099994
G3101570,0.48945663907899994
G3101590,0.460407531597
G3101610,0.743079922027
G3101630,0.518351577592
G3101650,0.74047954866
G3101670,0.639010189228
G3101690,0.575200918485
G3101710,0.811369509044
G3101730,0.050271069492
G3101750,0.6597605893190001
G3101770,0.450491307635
G3101790,0.49385026737899995
G3101810,0.601066982809
G3101830,0.686274509804
G3101850,0.560262148337
G3200010,0.513716166788
G3200030,-0.10647343096100004
G3200050,0.32122995228
G3200070,0.546885953087
G3200090,0.624113475178
G3200110,0.7599531615928
G3200130,0.48733094979
G3200150,0.590551181102
G3200170,0.650093808631
G3200190,0.41490615268100006
G3200210,0.271407110666
G3200230,0.41981420988100004
G3200270,0.49091826437999997
G3200290,0.33776387802999996
G3200310,-0.011959939220999971
G3200330,0.534322820037
G3205100,0.14051007355200001
G3300010,0.16824328245599995
G3300030,0.05670440078400002
G3300050,-0.12629016553
G3300070,0.09131432317300003
G3300090,-0.18975332068300005
G3300110,0.0020130850529999633
G3300130,-0.030787245981000022
G3300150,0.05839501689899995
G3300170,-0.08572101652000003
G3300190,0.026514637346999992
G3400010,-0.062323857080000045
G3400030,-0.11988332269900004
G3400050,-0.14781422446500003
G3400070,-0.323697927299
G3400090,0.19867700258400006
G3400110,-0.053415821042000045
G3400130,-0.563600704451
G3400150,0.004292279677999999
G3400170,-0.518133300235
G3400190,0.13839222464700002
G3400210,-0.36168029887099995
G3400230,-0.19777972745500005
G3400250,0.094646744191
G3400270,0.04395856104899998
G3400290,0.339987364788
G3400310,-0.21745223401499997
G3400330,0.15366187542799997
G3400350,-0.124467581637
G3400370,0.302653669104
G3400390,-0.35476445518199995
G3400410,0.25601750547
G3500010,-0.17818803013399998
G3500030,0.507411067194
G3500050,0.364055756734
G3500060,-0.06796238244499997
G3500070,0.08556251185800001
G3500090,0.423662770103
G3500110,0.47065337763
G3500130,-0.17956263343099998
G3500150,0.415714797931
G3500170,-0.07717881738299998
G3500190,-0.20508568269699995
G3500210,0.294117647058
G3500230,0.06862745098099998
G3500250,0.48528988427700004
G3500270,0.40198735320699996
G3500280,-0.20268456375800004
G3500290,0.039061421669999985
G3500310,-0.39772016738
G3500330,-0.35858377933300006
G3500350,0.29145447137900005
G3500370,0.33577464788699996
G3500390,-0.402993160425
G3500410,0.41332194705400005
G3500430,-0.027344588015999982
G3500450,0.33100976339099997
G3500470,-0.46398424310599995
G3500490,-0.510230872406
G3500510,0.27256775199800004
G3500530,-0.10109532267599997
G3500550,-0.520435244161
G3500570,0.30799999999999994
G3500590,0.530805687204
G3500610,0.08647166362000003
G3600010,-0.24313138709299997
G3600030,0.42306118870900006
G3600050,-0.7913430698022
G3600070,0.036893003849999995
G3600090,0.343600013812
G3600110,0.13251892178999997
G3600130,0.245782790952
G3600150,0.19975899984899997
G3600170,0.28051675592099995
G3600190,-0.009338219746999998
G3600210,-0.01346541918899996
G3600230,0.066815023882
G3600250,0.291765102936
G3600270,0.010723882894000003
G3600290,-0.04761407756799996
G3600310,0.034153458452999996
G3600330,0.07387113810399998
G3600350,0.355466952922
G3600370,0.36953766913300007
G3600390,0.274312364195
G3600410,0.38802083333299997
G3600430,0.34520423725399996
G3600450,0.22350640632700003
G3600470,-0.618298394067
G3600490,0.396431342125
G3600510,0.27844912795300003
G3600530,0.15891501168299993
G3600550,-0.141152659262
G3600570,0.26482394770000006
G3600590,-0.05310940233399997
G3600610,-0.772016747609
G3600630,0.189941860465
G3600650,0.21151461681499995
G3600670,-0.12834831893800003
G3600690,0.08622860020200002
G3600710,0.06459542603000001
G3600730,0.43385958617399994
G3600750,0.232446398622
G3600770,0.130255385685
G3600790,0.17829176662299995
G3600810,-0.534015607133
G3600830,0.028700883454000015
G3600850,0.16776010860599994
G3600870,-0.050878226282000005
G3600890,0.10783979063600002
G3600910,0.043635734804000015
G3600930,-0.05844651057200001
G3600950,0.346879191983
G3600970,0.287071114805
G3600990,0.12131688536199997
G3601010,0.36160842258899994
G3601030,0.08222527648200006
G3601050,0.137425025463
G3601070,0.276123759487
G3601090,-0.42143746522900005
G3601110,-0.09137345398900004
G3601130,0.10584735925699995
G3601150,0.202312396768
G3601170,0.26113448822300006
G3601190,-0.327675122719
G3601210,0.509766584766
G3601230,0.218495821727
G3700010,0.12946119196100003
G3700030,0.559435900284
G3700050,0.47736862293899995
G3700070,-0.12555320377199997
G3700090,0.44658054711199996
G3700110,0.565260545905
G3700130,0.24488325776500003
G3700150,-0.25170575692900005
G3700170,0.09464523915399997
G3700190,0.287309493718
G3700210,-0.145702454147
G3700230,0.39351187629499995
G3700250,0.19973187402399994
G3700270,0.506224298542
G3700290,0.45778497671600005
G3700310,0.44481161461600005
G3700330,0.114978601997
G3700350,0.38010272285900004
G3700370,-0.10084442169899999
G3700390,0.5701298701290001
G3700410,0.14321890827199996
G3700430,0.517077315208
G3700450,0.30582051340199995
G3700470,0.22094410361300004
G3700490,0.21792736475500002
G3700510,-0.16020642754900005
G3700530,0.49834983498400004
G3700550,0.22115839865399994
G3700570,0.493549775735
G3700590,0.48121779859499997
G3700610,0.19198097179800006
G3700630,-0.603840763104
G3700650,-0.321786395165
G3700670,-0.10257435843899992
G3700690,0.11735001003300005
G3700710,0.32132768361600006
G3700730,0.09009009009000002
G3700750,0.610405471422
G3700770,0.025000000000000022
G3700790,0.09834019718000003
G3700810,-0.20028006204199994
G3700830,-0.26879948555199995
G3700850,0.240818596374
G3700870,0.2795463589339999
G3700890,0.279369829255
G3700910,-0.37673267326800003
G3700930,-0.10825348798099999
G3700950,0.140343158821
G3700970,0.368191559206
G3700990,0.11897356143100002
G3701010,0.30665972821799997
G3701030,0.17860686644200002
G3701050,0.131504295672
G3701070,0.06282352941200003
G3701090,0.47699561459100004
G3701110,0.5047808968649999
G3701130,0.41497461928999996
G3701150,0.258617545139
G3701170,0.005062436718999974
G3701190,-0.298711225245
G3701210,0.583794665325
G3701230,0.258712551314
G3701250,0.2958363004230001
G3701270,0.0025158305440000084
G3701290,0.04088764633899994
G3701310,-0.26196086466499996
G3701330,0.34654287985
G3701350,-0.510234247776
G3701370,0.26550502067299997
G3701390,-0.021987738741000018
G3701410,0.30404107565
G3701430,0.280818802122
G3701450,0.17323732062400005
G3701470,-0.07380149238500006
G3701490,0.28191737386899995
G3701510,0.5671932720270001
G3701530,0.10147238611500004
G3701550,0.04858822933099999
G3701570,0.299850147435
G3701590,0.367481530803
G3701610,0.47853111141000004
G3701630,0.16674467587200004
G3701650,-0.07763952557699999
G3701670,0.501850531392
G3701690,0.5559011811369999
G3701710,0.50712187727
G3701730,0.22918756268799995
G3701750,0.22482798165199996
G3701770,0.15470588235299998
G3701790,0.310957952044
G3701810,-0.24612893431799998
G3701830,-0.20500645868400003
G3701850,-0.33251012545700004
G3701870,-0.15208503679399998
G3701890,-0.015016163231000024
G3701910,0.11721258831099995
G3701930,0.551711840228
G3701950,-0.05631367541800003
G3701970,0.615273775216
G3701990,0.32483686786300003
G3800010,0.57048092869
G3800030,0.296782790786
G3800050,0.04381443298899995
G3800070,0.733108108108
G3800090,0.508583066628
G3800110,0.688524590164
G3800130,0.738118331717
G3800150,0.46153517941800004
G3800170,0.10718590988100002
G3800190,0.446927374302
G3800210,0.465851602023
G3800230,0.5197978096039999
G3800250,0.635288767622
G3800270,0.357670221493
G3800290,0.743746809597
G3800310,0.524426133019
G3800330,0.736730360934
G3800350,0.18501565076899995
G3800370,0.669360764144
G3800390,0.440256615878
G3800410,0.685170499604
G3800430,0.682621502209
G3800450,0.4609929078020001
G3800470,0.733009708738
G3800490,0.5645701525860001
G3800510,0.605762473647
G3800530,0.6454070526769999
G3800550,0.5295812524010001
G3800570,0.679009640666
G3800590,0.5301344310799999
G3800610,0.33424794213
G3800630,0.288665879575
G3800650,0.706586826347
G3800670,0.49240219851300004
G3800690,0.49603960395999996
G3800710,0.32790341126899997
G3800730,0.16098403107500003
G3800750,0.619920318725
G3800770,0.36126005361899993
G3800790,-0.24221736755800005
G3800810,0.19969666329600005
G3800830,0.7105943152449999
G3800850,-0.426508071368
G3800870,0.7470725995313
G3800890,0.658109781263
G3800910,0.17886178861800006
G3800930,0.42483397061800005
G3800950,0.376429199648
G3800970,0.265010351967
G3800990,0.40171692713999996
G3801010,0.476862365511
G3801030,0.58418367347
G3801050,0.663341048767
G3900010,0.556087860436
G3900030,0.381821847836
G3900050,0.478109163413
G3900070,0.19000728478499995
G3900090,-0.16950001789500002
G3900110,0.6257655293090001
G3900130,0.395487441465
G3900150,0.52181409687
G3900170,0.28346059303400006
G3900190,0.464043101429
G3900210,0.444734897994
G3900230,0.19532036229500005
G3900250,0.413291172049
G3900270,0.526132596685
G3900290,0.415655862663
G3900310,0.43265824477000003
G3900330,0.46770398887899994
G3900350,-0.349913413233
G3900370,0.61212
G3900390,0.348187693172
G3900410,0.160597796226
G3900430,0.09825755513200007
G3900450,0.26952737376400004
G3900470,0.470648053989
G3900490,-0.258933029992
G3900510,0.35944522302299997
G3900530,0.556323482681
G3900550,0.25467826657900006
G3900570,0.24465987718600002
G3900590,0.425724189156
G3900610,-0.09522784810200002
G3900630,0.407712403453
G3900650,0.47203262860000006
G3900670,0.48274870615300003
G3900690,0.39836149513600005
G3900710,0.561297512905
G3900730,0.365140254135
G3900750,0.629400351104
G3900770,0.363718559921
G3900790,0.48916081275
G3900810,0.356823837172
G3900830,0.381878421204
G3900850,0.15578508733000002
G3900870,0.43897645381300004
G3900890,0.289499867757
G3900910,0.525967534631
G3900930,0.0028392875440000354
G3900950,-0.17351995993400005
G3900970,0.397337949147
G3900990,-0.029957368360999992
G3901010,0.343691515907
G3901030,0.24875783348299996
G3901050,0.500743889479
G3901070,0.650480882008
G3901090,0.45619523189699995
G3901110,0.46874065210899996
G3901130,0.012441897739999985
G3901150,0.41399046105000004
G3901170,0.4949338934890001
G3901190,0.34961482176900005
G3901210,0.551489361702
G3901230,0.19561217919300006
G3901250,0.485297444017
G3901270,0.403222502902
G3901290,0.42651381540299993
G3901310,0.367063319725
G3901330,0.10159798831900002
G3901350,0.539829059829
G3901370,0.643389351172
G3901390,0.37544427696800003
G3901410,0.273804178899
G3901430,0.229602415336
G3901450,0.3680532108849999
G3901470,0.311826583195
G3901490,0.606014712246
G3901510,0.17419294426099996
G3901530,-0.081584559309
G3901550,0.06401411669699997
G3901570,0.35447016563499995
G3901590,0.37956506991300004
G3901610,0.563972320377
G3901630,0.457444835898
G3901650,0.37557547219399995
G3901670,0.415976821192
G3901690,0.34916580844399997
G3901710,0.43800921006
G3901730,0.08499365838799999
G3901750,0.467679876876
G4000010,0.522418058132
G4000030,0.7601950354609001
G4000050,0.654338264694
G4000070,0.8095663835492
G4000090,0.707796520123
G4000110,0.572897442657
G4000130,0.5557894736839999
G4000150,0.43434018851699996
G4000170,0.5122714932129999
G4000190,0.526034640911
G4000210,0.275186510584
G4000230,0.579073629821
G4000250,0.8282265552465
G4000270,0.216590746941
G4000290,0.618888424572
G4000310,0.23732463696799994
G4000330,0.6264411990780001
G4000350,0.52440290758
G4000370,0.545577711388
G4000390,0.542778463584
G4000410,0.541454081632
G4000430,0.7756010685661999
G4000450,0.7968236582695001
G4000470,0.535082057902
G4000490,0.606874940651
G4000510,0.602731724851
G4000530,0.7
G4000550,0.611286919831
G4000570,0.502564102564
G4000590,0.7919191919195
G4000610,0.594634558513
G4000630,0.536132596685
G4000650,0.575967204715
G4000670,0.656716417911
G4000690,0.574606348413
G4000710,0.502173265853
G4000730,0.713375796178
G4000750,0.523645743766
G4000770,0.5671604938270001
G4000790,0.587301587302
G4000810,0.601028497965
G4000830,0.49472239814200003
G4000850,0.576973857935
G4000870,0.6091810677589999
G4000890,0.6389952376510001
G4000910,0.424604171903
G4000930,0.7737569873492
G4000950,0.5662474940769999
G4000970,0.517247963341
G4000990,0.558733031674
G4001010,0.291819947919
G4001030,0.576180698152
G4001050,0.608685390606
G4001070,0.46987032799399997
G4001090,0.10514274018799996
G4001110,0.32655846021199997
G4001130,0.367754197022
G4001150,0.47192588433500005
G4001170,0.5318310746930001
G4001190,0.28321741323999994
G4001210,0.523826086957
G4001230,0.458147698124
G4001250,0.465082425148
G4001270,0.631942895383
G4001290,0.7935153583622
G4001310,0.5632071313120001
G4001330,0.441359561753
G4001350,0.54214864584
G4001370,0.619590741362
G4001390,0.6515335297179999
G4001410,0.475609756098
G4001430,0.22843399295099998
G4001450,0.5202585931
G4001470,0.48464517291100007
G4001490,0.705056179776
G4001510,0.66139154161
G4001530,0.720718341476
G4100010,0.516452411841
G4100030,-0.337911665972
G4100050,-0.061080730882
G4100070,-0.06085471968199996
G4100090,0.11995055229900004
G4100110,0.24333189755200002
G4100130,0.49810964083199993
G4100150,0.23875688563700004
G4100170,0.03803099885200001
G4100190,0.393787731256
G4100210,0.43863393809999995
G4100230,0.588587868617
G4100250,0.577142857143
G4100270,-0.30203216796699994
G4100290,0.09184981067300002
G4100310,0.27552400270399996
G4100330,0.31349588153799995
G4100350,0.447674418605
G4100370,0.622181436812
G4100390,-0.18931143412600004
G4100410,-0.09981277303999997
G4100430,0.278250858855
G4100450,0.49527638190900003
G4100470,0.049935020396999985
G4100490,0.42466783654999996
G4100510,-0.583345911528
G4100530,0.06999729948700001
G4100550,0.5330620549339999
G4100570,0.05919613905400001
G4100590,0.35644815438800004
G4100610,0.413718411552
G4100630,0.413694038784
G4100650,0.096613634344
G4100670,-0.26683589473999997
G4100690,0.542929292929
G4100710,0.087640748293
G4200010,0.364292078578
G4200030,-0.16407560640699997
G4200050,0.519838402417
G4200070,0.20061744015399996
G4200090,0.674012933969
G4200110,0.10188479770799996
G4200130,0.463799035154
G4200150,0.460411827238
G4200170,-0.0058031596279999875
G4200190,0.375476762255
G4200210,0.37748267322699997
G4200230,0.506916996047
G4200250,0.34110929285200003
G4200270,-0.01931188158199998
G4200290,-0.09228276645700001
G4200310,0.474171958126
G4200330,0.49580937232299993
G4200350,0.34827144686300004
G4200370,0.32753345375500004
G4200390,0.38514748474499994
G4200410,0.18569020057700003
G4200430,-0.028173017824000002
G4200450,-0.21981378496799997
G4200470,0.437924065252
G4200490,0.020027294438999976
G4200510,0.30999887695199996
G4200530,0.43953294411999994
G4200550,0.464806402769
G4200570,0.707696870829
G4200590,0.41705115346099997
G4200610,0.50687320476
G4200630,0.35655216284999997
G4200650,0.598134871436
G4200670,0.617573543549
G4200690,-0.03397897605600003
G4200710,0.19685888831800002
G4200730,0.280853162372
G4200750,0.355549519574
G4200770,-0.04444851043300002
G4200790,0.19629174797099996
G4200810,0.44834373881499995
G4200830,0.47245055227300004
G4200850,0.250090736783
G4200870,0.5749766982840001
G4200890,-0.003396821544999984
G4200910,-0.21113993576399998
G4200930,0.283889865261
G4200950,0.03815794081599999
G4200970,0.43561808355500004
G4200990,0.519217132322
G4201010,-0.6690766464719999
G4201030,0.26041586741399997
G4201050,0.63610646779
G4201070,0.43367330677300003
G4201090,0.472601481662
G4201110,0.55919395466
G4201130,0.49305555555600006
G4201150,0.428645833334
G4201170,0.535710164994
G4201190,0.25672413793099996
G4201210,0.423832367849
G4201230,0.4087607807540001
G4201250,0.25277219041800003
G4201270,0.39664654594300003
G4201290,0.313200176075
G4201310,0.386696730552
G4201330,0.29290731616099996
G4400010,-0.22769430156800002
G4400030,0.0070145938689999965
G4400050,-0.19378285254400002
G4400070,-0.21204376845400003
G4400090,-0.10032730673299994
G4500010,0.28254382693100005
G4500030,0.274898693379
G4500050,-0.540525433203
G4500070,0.43674653781
G4500090,-0.27263922518100003
G4500110,0.05200970566499996
G4500130,0.14303971416800004
G4500150,0.17398851987499997
G4500170,0.028597908116000048
G4500190,-0.07856127381300004
G4500210,0.417210627931
G4500230,0.04858470637900003
G4500250,0.14309901914999995
G4500270,-0.02566640274500004
G4500290,0.08513725262699995
G4500310,0.03735321905799993
G4500330,-0.016672366621000023
G4500350,0.17485551446500003
G4500370,0.20190656132
G4500390,-0.25879843583300005
G4500410,0.04964514453800001
G4500430,0.130080269044
G4500450,0.24699393114400003
G4500470,0.21846153846199995
G4500490,-0.19103934500800002
G4500510,0.37820775403
G4500530,-0.11880979178400003
G4500550,0.24834632034600002
G4500570,0.25518506082600007
G4500590,0.29935030596100004
G4500610,-0.293588162762
G4500630,0.3670965041159999
G4500650,0.032981783317000024
G4500670,-0.21720475487100005
G4500690,-0.161402492031
G4500710,0.22619827329599995
G4500730,0.480674023263
G4500750,-0.369590974655
G4500770,0.5272861206030001
G4500790,-0.32850059031900003
G4500810,0.317326790513
G4500830,0.299793862227
G4500850,-0.12011896113300002
G4500870,0.192851824274
G4500890,-0.337962655326
G4500910,0.22054220850800005
G4600030,0.450604122246
G4600050,0.37551683402200003
G4600070,0.22106179286299998
G4600090,0.47108271688000003
G4600110,0.14739747633999994
G4600130,0.25823868925700005
G4600150,0.43444055943999993
G4600170,-0.25510204081599996
G4600190,0.612517257248
G4600210,0.720818291215
G4600230,0.421497232741
G4600250,0.44719372359599996
G4600270,-0.0984415072
G4600290,0.393349901448
G4600310,0.04510638297900005
G4600330,0.460135708227
G4600350,0.35236418511
G4600370,0.237713869676
G4600390,0.38269230769300006
G4600410,-0.09607498535499998
G4600430,0.70031152648
G4600450,0.5490093847759999
G4600470,0.47431939377
G4600490,0.584973166368
G4600510,0.39612577203800003
G4600530,0.5781922525100001
G4600550,0.822796934866
G4600570,0.5416364952930001
G4600590,0.5814081408139999
G4600610,0.534895314058
G4600630,0.8530559167747
G4600650,0.33341490272900004
G4600670,0.54234769688
G4600690,0.605797101449
G4600710,0.36438356164400004
G4600730,0.397104446743
G4600750,0.682795698925
G4600770,0.382987063896
G4600790,0.254052460949
G4600810,0.34242526600199996
G4600830,0.294201577425
G4600850,0.42786769880299996
G4600870,0.45264785465699997
G4600890,0.61565523307
G4600910,0.15511042629700006
G4600930,0.535065829102
G4600950,0.24011713030799997
G4600970,0.39943609022500004
G4600990,0.146084356593
G4601010,0.23447098976099995
G4601030,0.32948618587700007
G4601050,0.7129514321289999
G4601070,0.6397003745309999
G4601090,0.15517241379300006
G4601110,0.514692787177
G4601150,0.31684174856
G4601170,0.522654754308
G4601190,0.62950058072
G4601210,-0.47905882353
G4601230,0.611026615969
G4601250,0.47614457831300006
G4601270,0.38771374287500004
G4601290,0.580944691159
G4601350,0.24469633943400004
G4601370,0.020887728459
G4700010,0.342865794166
G4700030,0.52751633987
G4700050,0.512654223347
G4700070,0.586021505376
G4700090,0.487955408976
G4700110,0.5910345905400001
G4700130,0.608765195137
G4700150,0.543498773354
G4700170,0.523371721668
G4700190,0.640403944172
G4700210,0.46881122416800003
G4700230,0.6030927835050001
G4700250,0.631234821596
G4700270,0.490921548475
G4700290,0.645110670631
G4700310,0.485951244031
G4700330,0.49665800222800005
G4700350,0.578294927371
G4700370,-0.260390984529
G4700390,0.586847279877
G4700410,0.518443804034
G4700430,0.456254363822
G4700450,0.553799849511
G4700470,0.37195690459
G4700490,0.674599917932
G4700510,0.43720589134000004
G4700530,0.437487168959
G4700550,0.45404676259
G4700570,0.684283030682
G4700590,0.609893150568
G4700610,0.553263157895
G4700630,0.5716507118909999
G4700650,0.16586102290799998
G4700670,0.6819201435619999
G4700690,0.07985284570399998
G4700710,0.642275605589
G4700730,0.633468638253
G4700750,-0.101699882766
G4700770,0.621510027526
G4700790,0.498331652052
G4700810,0.49755217727400003
G4700830,0.41548183254300003
G4700850,0.414763972545
G4700870,0.47222846862999995
G4700890,0.593345266926
G4700910,0.672971323978
G4700930,0.23910278580400002
G4700950,0.395939086295
G4700970,0.141507259737
G4700990,0.612977391749
G4701010,0.584438165616
G4701030,0.589675960813
G4701050,0.5437693099900001
G4701070,0.597303947791
G4701090,0.5971101145990001
G4701110,0.692790387183
G4701130,0.15578328566899996
G4701150,0.447839734121
G4701170,0.46649710577099995
G4701190,0.39223793772099996
G4701210,0.575504523312
G4701230,0.596891495601
G4701250,0.18565592374
G4701270,0.625085440875
G4701290,0.656662665066
G4701310,0.5808721263200001
G4701330,0.5017693715679999
G4701350,0.549912434325
G4701370,0.568417018014
G4701390,0.589723926381
G4701410,0.450107574746
G4701430,0.612826603326
G4701450,0.511121408712
G4701470,0.47182161082800006
G4701490,0.26099814115900005
G4701510,0.71739435631
G4701530,0.596964884419
G4701550,0.6168325041460001
G4701570,-0.276296401204
G4701590,0.51241565452
G4701610,0.500094643195
G4701630,0.562429001003
G4701650,0.44952166572900004
G4701670,0.47552627075099996
G4701690,0.367918523234
G4701710,0.614847892827
G4701730,0.647001934236
G4701750,0.52999586264
G4701770,0.44231478068599994
G4701790,0.42856853737
G4701810,0.7389592605269999
G4701830,0.5138121546960001
G4701850,0.59482405892
G4701870,0.35499522445099996
G4701890,0.44323632875
G4800010,0.580742583052
G4800030,0.627080795778
G4800050,0.472982926013
G4800070,0.503678226808
G4800090,0.7943312251109
G4800110,0.8397246804323
G4800130,0.291289966924
G4800150,0.597144022848
G4800170,0.530269058296
G4800190,0.629883481837
G4800210,0.20385840707999997
G4800230,0.721179624665
G4800250,0.15370063844800003
G4800270,0.15076756135699998
G4800290,-0.134854736383
G4800310,0.52354912683
G4800330,0.8191780821917001
G4800350,0.6474284981399999
G4800370,0.46655062373100004
G4800390,0.24587683713499997
G4800410,0.23655278938800006
G4800430,0.048272598200999994
G4800450,0.727520435967
G4800470,-0.510015408321
G4800490,0.74478457237
G4800510,0.5507559395249999
G4800530,0.567573243726
G4800550,0.158254334273
G4800570,0.36222509702500005
G4800590,0.772138228942
G4800610,-0.32555226351800004
G4800630,0.4273447820349999
G4800650,0.8040747028863999
G4800670,0.597277270378
G4800690,0.444388777555
G4800710,0.620550987336
G4800730,0.564636848093
G4800750,0.743282149713
G4800770,0.7663141089600001
G4800790,0.542730299667
G4800810,0.7905832747720001
G4800830,0.7675378266849999
G4800850,0.169846723415
G4800870,0.726169844021
G4800890,0.5125
G4800910,0.500755274741
G4800930,0.6743471582180001
G4800950,0.6907216494839999
G4800970,0.681326286649
G4800990,0.394715065923
G4801010,0.689536878216
G4801030,0.541636495293
G4801050,0.43584229390600004
G4801070,0.415887850468
G4801090,-0.22834645669300002
G4801110,0.674918566775
G4801130,-0.26241292534899996
G4801150,0.505614823133
G4801170,0.410854558438
G4801190,0.6301009214569999
G4801210,0.20176482421699998
G4801230,0.637496335385
G4801250,0.689768976898
G4801270,-0.37178294573599996
G4801290,0.708904109589
G4801310,-0.35272902139900003
G4801330,0.7544340302810001
G4801350,0.40554807137199994
G4801370,0.41220657277000006
G4801390,0.45366611696000003
G4801410,-0.43211472122699995
G4801430,0.655032585083
G4801450,0.33562691131499994
G4801470,0.619194787838
G4801490,0.591259407018
G4801510,0.500580720093
G4801530,0.53013278856
G4801550,0.528375733855
G4801570,-0.06630256522499994
G4801590,0.669880624426
G4801610,0.595951629864
G4801630,-0.06298919120399998
G4801650,0.718160121502
G4801670,0.22632546736100007
G4801690,0.6772881355929999
G4801710,0.62173283548
G4801730,0.8621262458474
G4801750,0.44303797468399997
G4801770,0.477950507615
G4801790,0.7875
G4801810,0.531103934732
G4801830,0.412667714251
G4801850,0.511230058774
G4801870,0.31784341139399996
G4801890,0.48364008179999995
G4801910,0.667584940312
G4801930,0.714048212801
G4801950,0.8007190549565
G4801970,0.634017207147
G4801990,0.738800070274
G4802010,-0.12396393547500001
G4802030,0.439311181915
G4802050,0.7994858611822999
G4802070,0.616997167138
G4802090,0.008570549745999967
G4802110,0.7581505631300001
G4802130,0.6004019427239999
G4802150,-0.40540493670100003
G4802170,0.584224391756
G4802190,0.622905795111
G4802210,0.6648545176109999
G4802230,0.608192341941
G4802250,0.509154420621
G4802270,0.559940174873
G4802290,0.205510907004
G4802310,0.563251563251
G4802330,0.76113709082
G4802350,0.75
G4802370,0.796346211441
G4802390,0.637345971564
G4802410,0.598906448955
G4802430,0.23148936170199996
G4802450,0.004853313187000052
G4802470,-0.5686644643700001
G4802490,-0.10343431070799997
G4802510,0.583097607823
G4802530,0.654079568442
G4802550,0.433691756272
G4802570,0.470289660558
G4802590,0.603430979134
G4802630,0.6951501154740001
G4802650,0.56271113036
G4802670,0.766580976864
G4802690,0.9056603773585
G4802710,0.33637640449499995
G4802730,-0.036802699567999975
G4802750,0.611929307806
G4802770,0.591627555699
G4802790,0.581306017925
G4802810,0.600319057553
G4802830,-0.124450951684
G4802850,0.7145835746560001
G4802870,0.5556577736889999
G4802890,0.740110706089
G4802910,0.579797143449
G4802930,0.5228817991629999
G4802950,0.7745839636909999
G4802970,0.635340988985
G4802990,0.62233786258
G4803030,0.383540689374
G4803050,0.572358537807
G4803070,0.6694750486059999
G4803090,0.27089642834300004
G4803110,0.8329979879277
G4803130,0.576231613355
G4803150,0.430813124109
G4803170,0.676353276353
G4803190,0.6346809547
G4803210,0.406655913066
G4803230,-0.5579187518400001
G4803250,0.432303485192
G4803270,0.6139534883719999
G4803290,0.551822451952
G4803310,0.499360985244
G4803330,0.762734584451
G4803350,0.651598173516
G4803370,0.7718503021850001
G4803390,0.5142921859530001
G4803410,0.5469403268719999
G4803430,0.40652699435999995
G4803450,0.8564516129027
G4803470,0.35349977708400004
G4803490,0.487486265414
G4803510,0.494513715711
G4803530,0.5316188870149999
G4803550,0.01541006945200002
G4803570,0.7896678966788
G4803590,0.8169312169313
G4803610,0.619281508769
G4803630,0.640982800983
G4803650,0.6347834437719999
G4803670,0.675447148706
G4803690,0.37721788502500003
G4803710,0.21886249100100003
G4803730,0.565091162467
G4803750,0.4193081539
G4803770,-0.36586472991400004
G4803790,0.7127429805609999
G4803810,0.651125192797
G4803830,0.602222222222
G4803850,0.667461263409
G4803870,0.53934330678
G4803890,-0.07600502512600005
G4803910,0.270288624788
G4803930,0.9163636363634
G4803950,0.351212553495
G4803970,0.47466417060899996
G4803990,0.7407702523240001
G4804010,0.565441718437
G4804030,0.727703576045
G4804050,0.48077462812199995
G4804070,0.583794274624
G4804090,0.240738158323
G4804110,0.735768903993
G4804130,0.578747628083
G4804150,0.697586010264
G4804170,0.8488681757654
G4804190,0.596781305115
G4804210,0.762057877814
G4804230,0.438943735645
G4804250,0.68782249742
G4804270,-0.6011461808230001
G4804290,0.777584708948
G4804310,0.756714060032
G4804330,0.5991440798850001
G4804350,0.5385159010599999
G4804370,0.5520547945200001
G4804390,0.08702355951500007
G4804410,0.510869084964
G4804430,0.33638443935900003
G4804450,0.4940442427680001
G4804470,0.7809405940590001
G4804490,0.42142545771600004
G4804510,0.47918853663600003
G4804530,-0.388585352564
G4804550,0.598963557339
G4804570,0.6723553770870001
G4804590,0.6797336348790001
G4804610,0.52237654321
G4804630,0.10799015219300001
G4804650,-0.078955179579
G4804670,0.721287288487
G4804690,0.399909770559
G4804710,0.345120154448
G4804730,0.28603051151700004
G4804750,0.515968356284
G4804770,0.512850071201
G4804790,-0.516134137549
G4804810,0.401917454274
G4804830,0.8209019947961
G4804850,0.497375570385
G4804870,0.575225554743
G4804890,-0.368949232586
G4804910,0.09862659831199999
G4804930,0.47784990911400005
G4804950,0.5248264815799999
G4804970,0.699201167836
G4804990,0.700257427867
G4805010,0.596346237494
G4805030,0.746147819274
G4805050,-0.32801531589
G4805070,-0.572566371682
G4900010,0.632128514056
G4900030,0.514261542181
G4900050,0.276986538087
G4900070,0.44589409056000007
G4900090,0.5397849462369999
G4900110,0.23322918756699998
G4900130,0.7220138488169
G4900150,0.7091250293218
G4900170,0.534001743679
G4900190,0.00044883303400000685
G4900210,0.5158916243330001
G4900230,0.569921491659
G4900250,0.433371625502
G4900270,0.6551394726784
G4900290,0.5031152647970001
G4900310,0.8200972447326
G4900330,0.6222627737231
G4900350,-0.102200931514
G4900370,0.118477251625
G4900390,0.553282879935
G4900410,0.6959557053446
G4900430,-0.153529031938
G4900450,0.30034382438499996
G4900470,0.6888147170691999
G4900490,0.372557762001
G4900510,0.251815181518
G4900530,0.521497895432
G4900550,0.4879432624119999
G4900570,0.199629224933
G5000010,-0.33651659845399995
G5000030,-0.22110737228500005
G5000050,-0.07033780657100003
G5000070,-0.46807656963800004
G5000090,0.179970436068
G5000110,-0.030919320703999997
G5000130,-0.16066701958700003
G5000150,-0.31535091487
G5000170,-0.187537136067
G5000190,-0.00209319257399998
G5000210,-0.04186550976100001
G5000230,-0.36996579884100006
G5000250,-0.41974374734099995
G5000270,-0.321212992239
G5100010,0.11710568073600003
G5100030,-0.250561157231
G5100050,0.370654256775
G5100070,0.363041933191
G5100090,0.30710894223100005
G5100110,0.46404324868
G5100130,-0.600985386781
G5100150,0.49218515588800005
G5100170,0.42131074453899997
G5100190,0.49412127246000004
G5100210,0.678297055057
G5100230,0.476208357921
G5100250,-0.18678875081800006
G5100270,0.604229934924
G5100290,0.11545853926400002
G5100310,0.471930340216
G5100330,0.05060257946299995
G5100350,0.595863693236
G5100360,-0.23044058744999996
G5100370,0.22893646408799995
G5100410,0.022505818994999982
G5100430,0.19800762513800002
G5100450,0.573994252873
G5100470,0.253406981483
G5100490,0.13558974358899994
G5100510,0.561592505855
G5100530,0.12428877558599999
G5100570,0.021666044079000024
G5100590,-0.36224574382299995
G5100610,0.24647128542199997
G5100630,0.374937280482
G5100650,0.09390750074100002
G5100670,0.421786980041
G5100690,0.35255276206599995
G5100710,0.48572474377700003
G5100730,0.39377176808000003
G5100750,0.25053840631799995
G5100770,0.5767429043819999
G5100790,0.317794380722
G5100810,-0.18817327527
G5100830,0.16570282072500003
G5100850,0.324683452891
G5100870,-0.20955632663699997
G5100890,0.29164759249300004
G5100910,0.42199856218599996
G5100930,0.209853034519
G5100950,0.051313849825000035
G5100970,0.16818810511800003
G5100990,0.27876660817200005
G5101010,0.35332306338100006
G5101030,0.09971207758799999
G5101050,0.6324174061800001
G5101070,-0.16795273625
G5101090,0.24555891929000007
G5101110,0.17572171418299998
G5101130,0.319584655321
G5101150,0.36885865457300004
G5101170,0.11280226658800002
G5101190,0.26042709376
G5101210,-0.013116289963000016
G5101250,0.05735418940199999
G5101270,0.37589410507200005
G5101310,-0.09276165634199995
G5101330,0.27629647749499997
G5101350,0.13145749590599998
G5101370,0.26554758990500005
G5101390,0.49798368189100006
G5101410,0.552008481564
G5101430,0.39596680026500003
G5101450,0.465523401215
G5101470,-0.05387907385099999
G5101490,0.169640644362
G5101530,-0.20039488036199998
G5101550,0.406564319746
G5101570,0.17799279928
G5101590,0.23719528896200004
G5101610,0.28056391952000004
G5101630,0.296209639681
G5101650,0.43540617473199994
G5101670,0.5894218942189999
G5101690,0.662655395326
G5101710,0.43319400049199996
G5101730,0.552514619883
G5101750,0.16230838593299995
G5101770,0.16775928998300005
G5101790,0.09121652639600003
G5101810,-0.07142857142800008
G5101830,-0.16262907069100002
G5101850,0.663152203298
G5101870,0.370805463436
G5101910,0.535135135135
G5101930,0.07333252924899997
G5101950,0.6201053965710001
G5101970,0.5493584905660001
G5101990,0.17127590863699999
G5105100,-0.590261346526
G5105200,0.438128050532
G5105300,0.308559498956
G5105400,-0.671469091892
G5105500,0.012823378968999988
G5105700,0.39325976029500004
G5105800,0.18362178134200008
G5105900,-0.19854734386600004
G5105950,-0.31220954795100003
G5106000,-0.30943141555599996
G5106100,-0.585235424547
G5106200,-0.271039603961
G5106300,-0.265738661877
G5106400,0.390605162928
G5106500,-0.377758623494
G5106600,-0.21861753235700004
G5106700,-0.09333184656600002
G5106780,-0.30555555555600006
G5106800,0.09029958414700001
G5106830,-0.16180144641699995
G5106850,-0.28500191791299995
G5106900,-0.23531414949699997
G5107000,-0.25349251812
G5107100,-0.41975735646199996
G5107200,0.43818681318700003
G5107300,-0.769628927608
G5107350,0.49058195108300007
G5107400,-0.364860465116
G5107500,-0.04741379310400001
G5107600,-0.637494193658
G5107700,-0.17633243865000003
G5107750,0.248412894715
G5107900,-0.01794687724299998
G5108000,-0.13847217916000004
G5108100,0.044479741209
G5108200,0.11367127496200002
G5108300,-0.435094239448
G5108400,-0.035464346511
G5300010,0.39745160499800003
G5300030,0.26786451879400003
G5300050,0.265528495455
G5300070,0.156848440634
G5300090,0.016098226466999987
G5300110,-0.0005465206559999713
G5300130,0.44587747581799997
G5300150,0.13683631966600002
G5300170,0.314642016221
G5300190,0.30533707865199994
G5300210,0.17095802565100005
G5300230,0.458603896104
G5300250,0.379122434537
G5300270,0.07072860562600003
G5300290,-0.059092516206000034
G5300310,-0.326865671641
G5300330,-0.504343873618
G5300350,-0.11632455215999998
G5300370,0.14481291589399997
G5300390,0.16320113601800001
G5300410,0.36155231046200004
G5300430,0.501932536894
G5300450,0.060035293694000014
G5300470,0.21343982373999998
G5300490,0.06946657916999999
G5300510,0.358279316441
G5300530,-0.07520335284200003
G5300550,-0.41571442062499997
G5300570,-0.03184330032299998
G5300590,0.12582781457000003
G5300610,-0.16643187634099998
G5300630,0.0829292439
G5300650,0.40826134566300004
G5300670,-0.15368639667699996
G5300690,0.21603086155199996
G5300710,0.16355614159699994
G5300730,-0.17699564787500005
G5300750,-0.004864775724999992
G5300770,0.15363870218199993
G5400010,0.547144754316
G5400030,0.372293663783
G5400050,0.5431014559740001
G5400070,0.434722496544
G5400090,0.42190775681399995
G5400110,0.25509923244000005
G5400130,0.601766513057
G5400150,0.5824881676810001
G5400170,0.7031139419670001
G5400190,0.39619411338599997
G5400210,0.534810126582
G5400230,0.7741152679469999
G5400250,0.41161327231100003
G5400270,0.592497370573
G5400290,0.444787217213
G5400310,0.547160411823
G5400330,0.395148557486
G5400350,0.5212256359430001
G5400370,0.15353855125600002
G5400390,0.20639767454300006
G5400410,0.5677559912850001
G5400430,0.546937607327
G5400450,0.6320747056430001
G5400470,0.5154555753360001
G5400490,0.334613705805
G5400510,0.5098983413589999
G5400530,0.5465150766179999
G5400550,0.552947336271
G5400570,0.608063102542
G5400590,0.687612208259
G5400610,0.10382559538800001
G5400630,0.5728395061730001
G5400650,0.5435494433529999
G5400670,0.569845498135
G5400690,0.31567428026200006
G5400710,0.517434620175
G5400730,0.5501597444090001
G5400750,0.42829510914600005
G5400770,0.5581635080480001
G5400790,0.477478214622
G5400810,0.527890553035
G5400830,0.44924186390500004
G5400850,0.714356435643
G5400870,0.487581199847
G5400890,0.46585516814499994
G5400910,0.49522930132400006
G5400930,0.521651270207
G5400950,0.679922673294
G5400970,0.567320261438
G5400990,0.513461538462
G5401010,0.585448392555
G5401030,0.502826683896
G5401050,0.630705394191
G5401070,0.47767755843000004
G5401090,0.69996158279
G5500010,0.21796774512699996
G5500030,-0.089326267979
G5500050,0.25379763702600006
G5500070,-0.08724054367300005
G5500090,0.108504513832
G5500110,0.219332466407
G5500130,0.28260121573499997
G5500150,0.21608838775600003
G5500170,0.19182739665100002
G5500190,0.326247416593
G5500210,0.021681974938000004
G5500230,0.05444126074500005
G5500250,-0.479888687981
G5500270,0.29602036526700004
G5500290,0.03207265202899995
G5500310,-0.07595221996900003
G5500330,0.11176176857800002
G5500350,-0.07340976331299998
G5500370,0.46435307431100004
G5500390,0.26721337143300006
G5500410,0.26714000443700003
G5500430,0.09563011932999999
G5500450,-0.022776861263000048
G5500470,0.37681159420300003
G5500490,-0.15342736946300006
G5500510,0.23497267759599993
G5500530,0.11801782221299995
G5500550,0.16184670636099996
G5500570,0.26312201772300003
G5500590,0.0033630069230000115
G5500610,0.278625954199
G5500630,-0.09585091980600002
G5500650,0.09063404367199995
G5500670,0.314673536114
G5500690,0.20806152578499998
G5500710,0.21682378535200003
G5500730,0.18205057444600004
G5500750,0.337954852595
G5500770,0.24369640343000004
G5500780,-0.573885848319
G5500790,-0.37449709175299994
G5500810,0.22476219699299999
G5500830,0.36985545071299997
G5500850,0.17152181216100004
G5500870,0.12620621777099994
G5500890,0.19283090990899993
G5500910,0.23571809930600002
G5500930,0.136564085542
G5500950,0.277466837072
G5500970,-0.03184429347100004
G5500990,0.250132275132
G5501010,0.04391639445699996
G5501030,0.055764883195
G5501050,-0.10464666924299998
G5501070,0.340446720729
G5501090,0.18426279929100003
G5501110,0.0031692169800000003
G5501130,0.229045963693
G5501150,0.33944255470400003
G5501170,0.16695831188899996
G5501190,0.44504619305499993
G5501210,0.12701568367599997
G5501230,0.045304023110000036
G5501250,0.252731732699
G5501270,0.20055368795800005
G5501290,0.234131802627
G5501310,0.404939275503
G5501330,0.27144590244000005
G5501350,0.302459691656
G5501370,0.323300727363
G5501390,0.07443068039
G5501410,0.19277683495999998
G5600010,0.043422655299000024
G5600030,0.6837960228390001
G5600050,0.8059102313907001
G5600070,0.504838709677
G5600090,0.7405372405370001
G5600110,0.8156987536465
G5600130,0.421144895122
G5600150,0.61212333567
G5600170,0.607100591716
G5600190,0.652793745689
G5600210,0.33225685317299997
G5600230,0.675637056442
G5600250,0.5216508170990001
G5600270,0.771781033153
G5600290,0.586305863059
G5600310,0.609417040359
G5600330,0.517375061676
G5600350,0.643472189899
G5600370,0.53538202989
G5600390,-0.27866294349599996
G5600410,0.614926114491
G5600430,0.640376850606
G5600450,0.7810437912417
